{"0.0": {"0": {"x": 13.335185, "y": 52.526822, "angle": 279.85, "speed": 0.0}}, "1.0": {"0": {"x": 13.335165, "y": 52.526823, "angle": 279.85, "speed": 1.39}}, "2.0": {"0": {"x": 13.335132, "y": 52.526826, "angle": 279.85, "speed": 2.23}, "1": {"x": 13.319309, "y": 52.470071, "angle": 1.41, "speed": 0.0}}, "3.0": {"0": {"x": 13.335079, "y": 52.526831, "angle": 279.85, "speed": 3.64}, "1": {"x": 13.319309, "y": 52.470084, "angle": 1.41, "speed": 1.37}}, "4.0": {"0": {"x": 13.335009, "y": 52.526838, "angle": 279.85, "speed": 4.86}, "1": {"x": 13.319309, "y": 52.470106, "angle": 1.41, "speed": 2.46}}, "5.0": {"0": {"x": 13.334923, "y": 52.526846, "angle": 279.85, "speed": 5.89}, "1": {"x": 13.319309, "y": 52.470139, "angle": 1.41, "speed": 3.66}, "2": {"x": 13.333638, "y": 52.58479, "angle": 100.76, "speed": 0.0}, "3": {"x": 13.283445, "y": 52.461739, "angle": 77.49, "speed": 0.0}}, "6.0": {"0": {"x": 13.334815, "y": 52.526855, "angle": 279.85, "speed": 7.37}, "1": {"x": 13.319309, "y": 52.470179, "angle": 1.41, "speed": 4.53}, "2": {"x": 13.333655, "y": 52.584788, "angle": 100.76, "speed": 1.17}, "3": {"x": 13.283455, "y": 52.461741, "angle": 77.49, "speed": 0.76}, "4": {"x": 13.311889, "y": 52.591926, "angle": 346.17, "speed": 0.0}}, "7.0": {"0": {"x": 13.334692, "y": 52.526867, "angle": 279.85, "speed": 8.43}, "1": {"x": 13.319309, "y": 52.470228, "angle": 1.41, "speed": 5.44}, "2": {"x": 13.333687, "y": 52.584785, "angle": 100.76, "speed": 2.22}, "3": {"x": 13.283482, "y": 52.461745, "angle": 77.49, "speed": 1.85}, "4": {"x": 13.311886, "y": 52.591933, "angle": 346.17, "speed": 0.89}}, "8.0": {"0": {"x": 13.334572, "y": 52.526878, "angle": 279.85, "speed": 8.25}, "1": {"x": 13.319309, "y": 52.470286, "angle": 1.41, "speed": 6.46}, "2": {"x": 13.333739, "y": 52.584779, "angle": 100.76, "speed": 3.57}, "3": {"x": 13.283525, "y": 52.461751, "angle": 77.49, "speed": 3.01}, "4": {"x": 13.311879, "y": 52.591949, "angle": 346.17, "speed": 1.84}}, "9.0": {"0": {"x": 13.334445, "y": 52.526889, "angle": 279.85, "speed": 8.74}, "1": {"x": 13.319309, "y": 52.470345, "angle": 1.41, "speed": 6.55}, "2": {"x": 13.333812, "y": 52.584772, "angle": 100.76, "speed": 5.03}, "3": {"x": 13.283582, "y": 52.46176, "angle": 77.49, "speed": 3.98}, "4": {"x": 13.311868, "y": 52.591975, "angle": 346.17, "speed": 2.92}}}